company,demoSize,demo,priority,lead,contact,title,phone,direct,email,category,city,address,source,status,nextCall,lastCall,lastOutcome,notes
"KEC Engineering","Massive","97","Most important","Low bidder ($19.9M) on Perris Valley Channel Lateral B Stage 4 - concrete box storm drain in Perris by March ARB. Also bid Market St Bridge and Little Lake storm drain.","","Estimating","(951) 734-3010","","","Public works contractor","Corona","","Bid records","New","","","","26320 Lester Circle, Corona. Estimating fax (951) 734-7987."
"March ARB - 452nd Contracting Office","Massive","96","Most important","Air Force is designing runway repairs now (35% design package, posted July 2026). Airfield is 21.3M sq ft, 70% concrete; about $50.8M of pavement work flagged over 10 years.","Ellidec Frias","Chief, contracting","(951) 655-2431","","elidec.frias.1@us.af.mil","Federal & airport","March ARB","","Bid records","New","","","","Office at 1940 Graeber St, Bldg 449. Other office lines 951-655-5758 / 5761 / 4333. The posting listed Frias's number as 952-655-5756 (likely 951) - verify. Ask who the construction contracting officer will be when the runway repair goes out to bid."
"Harper Construction Company","Massive","95","Most important","Building the $133M KC-46 hangar at March ARB (USACE). Existing buildings in the footprint are being demolished, plus airfield ramp and pavement work. About 3 years, started Dec 2025.","","Project manager, KC-46 hangar","(619) 233-1769","","","Federal & airport","San Diego","","Bid records","New","","","","Other listed number (619) 233-7900. Ask for the March ARB project superintendent - they need a close dump for demo concrete."
"All American Asphalt","Massive","94","Most important","Winning Van Buren Blvd by I-215/March ARB ($969K) and Gilman Springs Rd reconstruction ($1.2M); also Alexander St Mead Valley. Bids every County paving job.","Andrew Lampkin","Public works estimating","(951) 736-7600","","publicworks@allamericanasphalt.com","Public works contractor","Corona","","Bid records","New","","","","Other direct numbers seen: 951-356-1275, 951-736-7646."
"Griffith Company","Massive","92","Most important","Airport paving specialist - did Hemet-Ryan taxiway/apron rehab ($4.2M) and LAX runway 26R. Likely bidder on Hemet-Ryan runway and March work. Plan holder on Market St Bridge.","Ky McLeod","Estimating","(714) 984-5500","","socalbids@griffithcompany.net","Public works contractor","Brea","","Bid records","New","","","","Also Sara Kolbeck, skolbeck@griffithcompany.net, 714-522-1958."
"NPG Asphalt","Massive","91","Most important","Perris asphalt/concrete contractor with heavy removal volume (saw cutting, R&R, demo).","Jeff S. Nelson","President","(951) 940-0200","","info@npgasphalt.com","Asphalt & paving","Perris","1354 Jet Way, Perris","","New","","","","Sharon J. Nelson is CEO. Big asphalt and concrete removal volume (saw cutting, R&R, demo). Toll free (888) 770-7325."
"Calmex Engineering","Massive","90","Most important","Winning Contour Ave / Gibson Ave (Nuevo) and 10th St reconstruction (Lakeview) - $2.1M, closest County job to the yard.","","Estimating","(909) 546-1311","","","Public works contractor","Bloomington","","Bid records","New","","","","No email found."
"MAMCO Inc dba Alabbasi","Massive","90","Most important","Perris-based storm drain / flood channel contractor. Won Homeland MDP Line 1 ($14.3M); bid PVC Lateral B ($22.9M).","","Estimating","(951) 776-9300","","","Public works contractor","Perris","","Bid records","New","","","","Local to the yard. Other listed number (909) 262-8668."
"Riverside Construction Company","Massive","89","Most important","2nd low on PVC Lateral B ($19.9M); plan holder on Market St Bridge and I-10 Monroe. Big earthwork/storm drain contractor.","Bryan Lounsbury","Estimating","(951) 682-8350","","estimating@rivconstruct.com","Public works contractor","Riverside","","Bid records","New","","","","Also listed 951-682-8308 - verify."
"Vance Corporation","Massive","89","Most important","Won Van Buren Blvd Woodcrest ($2.8M, ADA ramps) and New Chicago Ave / Ramona Expwy Valle Vista ($2.9M, curb ramps). 2nd on Van Buren by March and Gilman Springs.","Derek Ritarita","President/CEO","(909) 355-4333","","","Public works contractor","Beaumont","","Bid records","New","","","",""
"March Inland Port Airport Authority (March JPA)","Massive","88","Most important","Got a $1.32M FAA grant (July 2026) to reconstruct an apron at March. Reconstruction means old concrete comes out.","","Airport staff","(951) 656-7000","","Info@MarchJPA.com","Federal & airport","Moreno Valley","","Bid records","New","","","","17405 Heacock St. Posts bids on PlanetBids (VendorLine) portal 35360. Ask who won or will bid the apron job."
"Stronghold Engineering","Massive","88","Most important","Perris GC that rebuilt Ontario Airport runway 26R - likely bidder on March ARB and Hemet-Ryan airfield work.","","","(951) 684-9303","","","Grading & engineering","Perris","150 W Walnut Ave, Perris","Google Maps","New","","","","Large Perris general contractor. Ask for a project manager or superintendent."
"Riverside County Airports (Hemet-Ryan)","Massive","87","Most important","Hemet-Ryan got $6.15M FAA grant (Aug 2026) for runway rehab. Griffith Co. did the last apron/taxiway job there.","Angela Jamison","County Airports Manager","(951) 955-9418","","","Federal & airport","Hemet","","Bid records","New","","","","Also Jose Ruiz, Supervising Development Specialist, 951-955-5746. Ask when the runway job bids and get on the notice list."
"American Asphalt South","Massive","86","Most important","Won the County's $7.6M Slurry Seal and Curb Ramp Accessibility job for FY26-27 (Districts 1-5) - curb ramps countywide this year.","","Estimating","(909) 427-8276","","estimates@americanasphaltsouth.com","ADA & sidewalk","Riverside","","Bid records","New","","","","2990 Myers St, Riverside. Phone from a directory - verify. Onyx Paving is their curb ramp sub."
"H&H General Contractors","Massive","85","Most important","Low bidder ($10.9M) on Little Lake MDP Line B Stage 2 storm drain (Hemet area, Flood Control). Also bids Homeland and PVC channel jobs.","","Estimating","(909) 425-3907","","","Public works contractor","Highland","","Bid records","New","","","",""
"DT Stellar General Engineering","Large","84","Most important","Vance Corp's go-to concrete and curb ramp sub: Van Buren Blvd Woodcrest (ADA ramps, $2.8M) and New Chicago Ave / Ramona Expwy Valle Vista. Close to the yard.","Johnny Sedeno","Partner","(714) 448-2369","","","ADA & sidewalk","Winchester","","Bid records","New","","","","BBB A+. Also runs Stellar Site Services."
"Onyx Paving Company","Large","82","Most important","Curb ramp sub to American Asphalt South on the County's FY26-27 curb ramp program; bids every County paving job.","Leslie Rocha","Estimating","(714) 632-6699","","Bids@onyxpaving.com","ADA & sidewalk","Yorba Linda","","Bid records","New","","","",""
"O'Duffy Construction","Large","80","Most important","Minutes from the yard; plan holder on Market St Bridge.","James Duffy","","(951) 928-9997","","jamesj@oduffyconstruction.com","Public works contractor","Romoland","","Bid records","New","","","",""
"USA Demolition Company Inc","Large","84","","","","","(714) 654-8281","","","Demolition & hauling","Perris","20369 Gustin Rd, Perris","Google Maps","New","","","","Perris yard. Opens 6 AM."
"LCR Earthwork & Engineering","Large","80","","Won Mission Lakes and Buck Rd / Warren Rd resurfacing; bids every County paving job near Perris.","Jorge Mendoza","General Manager","(951) 934-3231","","LCR@lcrearthworkengineering.com","Public works contractor","Ontario","","Bid records","New","","","","Alt 951-602-8022."
"Riverside County Flood Control","Large","78","","Owner of Perris Valley Channel Lateral B Stage 4 - 6,000 ft concrete box storm drain along the March ARB west fence in Perris (KEC Engineering, $19.9M).","Jerry Aguirre","Associate Flood Control Planner","(951) 955-1245","","jeraguir@rivco.org","Federal & airport","Riverside","","Bid records","New","","","","Main line (951) 955-1200. Ask for upcoming channel and storm drain bids."
"Hillcrest Contracting","Large","76","","2nd low on Contour/Gibson/10th St (Nuevo/Lakeview).","","Estimating","(951) 273-9600","","","Public works contractor","Corona","","Bid records","New","","","",""
"Roadway Engineering & Construction Corp","Large","76","","","","","(951) 940-0045","","","Grading & engineering","Perris","3121 Indian Ave, Perris","Google Maps","New","","","","Road and site work."
"Romero General Construction","Large","76","","Bids every County paving job; plan holder on Market St Bridge.","Dave Donnelly","Estimating","(760) 489-8412","","jpasalich@romerogc.com","Public works contractor","Escondido","","Bid records","New","","","",""
"EBS General Engineering","Large","74","","Public works concrete contractor (sidewalks, curb ramps, flatwork). Same number as Elite Bobcat Service.","Thomas Nanci","President","(951) 279-6869","","","ADA & sidewalk","Corona","","Directory","New","","","","Office admin Christina Whitcher."
"GRFCO Inc","Large","74","","Bid Homeland MDP Line 1 storm drain ($21.2M). 951-657 is a Perris/Moreno Valley exchange - likely local.","","Estimating","(951) 657-8887","","","Public works contractor","Perris area","","Bid records","New","","","",""
"South Coast Grading Inc","Large","74","","","","","(951) 443-1500","","","Grading & engineering","Perris","21510 Ethanac Rd, Perris","Google Maps","New","","","","Close by on Ethanac."
"Blackline Dirt and Demo","Large","72","","","Scott","Owner (per reviews)","(949) 678-6100","","","Demolition & hauling","Canyon Lake","22415 Whirlaway Ct, Canyon Lake","Google Maps","New","","","","Land clearing, demo, material hauling around Perris and Lake Elsinore. Customers find them on Facebook."
"Guy F. Atkinson Construction","Large","72","","Prime plan holder on the $11M+ Market St Bridge replacement.","Christopher Acosta","Estimating","(714) 427-2800","","socal.estimating@atkn.com","Public works contractor","Costa Mesa","","Bid records","New","","","",""
"Hardy & Harper","Large","72","","Won Buck Rd / Warren Rd resurfacing (French Valley, $1.37M).","","Estimating","(714) 444-1851","","","Public works contractor","Lake Forest","","Bid records","New","","","","Phone from a directory - verify."
"Powell Constructors","Large","72","","Plan holder on Market St Bridge and I-10 Monroe.","Joseph Schulte","Estimating","(909) 356-1299","","joes@powellconstructors.com","Public works contractor","Fontana","","Bid records","New","","","","Also listed 909-356-8880 - verify."
"PTM General Engineering Services","Large","72","","Traffic signal and street contractor - signal jobs include curb ramp removal and rebuild. 2nd low on Cajalco Rd / Carroll St signal (Mead Valley).","Elizabeth McRae","CEO","(951) 710-1000","","","ADA & sidewalk","Riverside","","Bid records","New","","","",""
"Weka Inc","Large","72","","Bid Homeland MDP Line 1 storm drain ($16.6M).","","Estimating","(909) 425-8700","","","Public works contractor","Highland","","Bid records","New","","","",""
"Beador Construction","Large","70","","Plan holder on Market St Bridge; bid PVC Lateral B.","David Beador","","(951) 674-7352","","estimating@beador.com","Public works contractor","Costa Mesa","","Bid records","New","","","",""
"Coreslab Structures (LA) Inc","Large","70","","","","","(951) 943-9119","","","Precast & block","Perris","150 W Placentia Ave, Perris","","New","","","","Large precast plant. Ask for the plant manager or yard superintendent."
"Duffy General Engineering","Large","70","","Storm drain and concrete sub to Vance Corp on the Van Buren Blvd Woodcrest job. Menifee - close to the yard.","","Office","","","office@duffyengineering.com","ADA & sidewalk","Menifee","","Bid records","New","","","","No phone listed; email to request a call."
"Eleazar General Engineering Inc","Large","70","","Advertises municipal public works (concrete removal, retaining walls) - ADA/sidewalk capable.","Eleazar","Named in reviews","(951) 232-7578","","","Concrete","Moreno Valley","23328 Olive Wood Plaza Dr Unit A, Moreno Valley","Google Maps","New","","","","His dad Alex also runs jobs. Concrete removal and block retaining walls."
"Executive 1 Demolition & Restoration","Large","70","","","","","(951) 783-4712","","","Demolition & hauling","Riverside","3750 University Ave #415, Riverside","","New","","","","Does concrete and patio removal."
"Ontario International Airport Authority","Large","70","","$7.37M FAA grant (July 2026) for north runway rehab. Farther from the yard (~35 mi).","","Airport engineering","(833) 435-9668","","","Federal & airport","Ontario","","Bid records","New","","","","Ask which contractor is doing the north runway."
"R.J. Noble Company","Large","70","","Bids every County paving job; plan holder on Market St Bridge.","Jennifer De Iongh","Estimating","(714) 637-1550","","jenniferdeiongh@rjnoblecompany.com","Public works contractor","Orange","","Bid records","New","","","","Also listed 714-637-6321 - verify."
"Sully-Miller Contracting","Large","70","","Bid Homeland MDP Line 1 storm drain ($18.2M). Big paving/grading contractor.","","Estimating","(714) 578-9600","","","Public works contractor","Brea","","Bid records","New","","","",""
"ASR Demolition","Medium","68","","","","","(909) 446-5066","","","Demolition & hauling","Jurupa Valley","2592 Rubidoux Blvd, Jurupa Valley","","New","","","",""
"California Professional Engineering","Medium","68","","Won Cajalco Rd / Carroll St signal (Mead Valley, near Perris) with curb ramp removal; sub on Van Buren Blvd. Bids signal jobs countywide.","Brianna Flores","Estimating","(626) 810-1322","","estimating@cpengineeringinc.com","ADA & sidewalk","La Puente","","Bid records","New","","","","Contact from Market St plan-holder list - verify."
"G-Hauls Junk Removal Service","Medium","68","","","","","(951) 389-8821","","","Demolition & hauling","Menifee","","Website","New","","","","Advertises concrete demolition in Menifee. Runs 7 days, 6 AM to 8 PM."
"Gosselin Demolition","Medium","68","","","Ben","Named in reviews","(951) 707-8613","","","Demolition & hauling","Riverside","16286 Red Pony Ln, Riverside","","New","","","",""
"Reyes Construction","Medium","68","","Plan holder on Market St Bridge; bid Homeland storm drain.","Aleeah Reyes","Estimating","(909) 622-2259","","estimating@reyesconstruction.com","Public works contractor","Pomona","","Bid records","New","","","",""
"CNS Junk Hauling & Demolition","Medium","66","","","Carlos","Named in reviews","(619) 867-3854","","","Demolition & hauling","Wildomar","20050 Union St, Wildomar","","New","","","",""
"Demo Man (Roberto Ruiz)","Medium","66","","","Roberto Ruiz","Owner","(909) 289-1275","","","Demolition & hauling","Moreno Valley","24693 Fir Ave, Moreno Valley","Google Maps","New","","","",""
"Family D Grading Inc","Medium","66","","","","","(951) 929-0746","","","Grading & engineering","Hemet","274 Hanoverian Dr, Hemet","Google Maps","New","","","","Opens 6 AM."
"Ferreira Construction","Medium","66","","Plan holder on Market St Bridge and I-10 Monroe.","Kevin Moore","Estimating","(909) 247-8610","","kmoore@ferreiraconstruction.com","Public works contractor","Rancho Cucamonga","","Bid records","New","","","",""
"I & E Hauling Services","Medium","66","","","Ivan","Named in reviews","(951) 655-0291","","","Demolition & hauling","Moreno Valley","12230 Kitching St, Moreno Valley","","New","","","","Eddie is the other partner. Hauls cement from yard jobs."
"IB Paving & Parking Lot Specialist","Medium","66","","","Omar","Named in reviews","(909) 452-9408","","","Asphalt & paving","Moreno Valley","13818 Jeanette Ct, Moreno Valley","Google Maps","New","","","","Rafael and Fernando handle customer communication. Commercial parking lots."
"Diamond Asphalt Paving Contractors","Medium","64","","","","","(951) 374-1635","","","Asphalt & paving","Riverside","3750 University Ave, Riverside","Google Maps","New","","","","Driveway rip-outs and commercial lot repair."
"Holliday Rock","Medium","64","","","","","(888) 273-2200","","","Ready-mix","Perris","1980 Goetz Rd, Perris","","New","","","","Right next door on Goetz Rd. Ask for the Perris plant manager."
"L.C. Paving & Sealing","Medium","64","","Won Contreras / Johnson Rd resurfacing (Anza).","","Estimating","(760) 752-1743","","","Asphalt & paving","San Marcos","","Bid records","New","","","",""
"Superior Asphalt Services","Medium","64","","","Shawn","Named in reviews","(909) 268-4268","","","Asphalt & paving","Moreno Valley","13444 Gold Pl, Moreno Valley","Google Maps","New","","","","HOA street repaving."
"Advanced Asphalt","Medium","62","","","Mike","Owner","(951) 452-7155","","","Asphalt & paving","Perris","22841 Markham St, Perris","","New","","","","Owner and sons run jobs directly. Does driveway tear-outs."
"Alphapaving","Medium","62","","","Martin","Named in reviews","(951) 732-3904","","","Asphalt & paving","Moreno Valley","","Google Maps","New","","","","Opens 5 AM."
"CEMEX Perris Ready-Mix Plant","Medium","62","","","","","(800) 801-7625","","","Ready-mix","Perris","237 S Perris Blvd, Perris","","New","","","","Corporate line. Ask for the Perris plant manager or dispatch about returned concrete and washout. Plant opens 5 AM."
"DBX Inc","Medium","62","","Won Hwy 74 / Mountain Ave signal (Good Hope, near Perris). Signal jobs come with curb ramp demo.","","Estimating","(951) 296-9909","","","ADA & sidewalk","Temecula","","Bid records","New","","","","42024 Avenida Alvarado, Temecula."
"General Paving Service (GPS)","Medium","62","","","Steve","Named in reviews","(408) 533-2248","","","Asphalt & paving","Perris","18411 Donna Ln, Perris","","New","","","",""
"Inland Paving Inc","Medium","62","","","Giovanni Estevanovich","Owner","","","","Asphalt & paving","Perris","","","New","","","","Serving the IE since 1979, new owner. Phone not found yet: check inlandpavinginc.com."
"KW Concrete Coring & Cutting","Medium","62","","","","","(951) 800-5926","","","Concrete cutting","Riverside","5075 Rutile St, Riverside","Google Maps","New","","","","Cutting, removal and heavy equipment."
"Majestic Asphalt","Medium","62","","","","","(951) 621-8480","","","Asphalt & paving","Menifee","340 Village Rd, Menifee","Google Maps","New","","","",""
"Neighborly Asphalt Co","Medium","62","","","","","(951) 336-1816","","","Asphalt & paving","Lake Elsinore","1 Corte Raffini, Lake Elsinore","Google Maps","New","","","","Reviews say they answer texts fast."
"Pavement Recycling Systems","Medium","62","","Sub on Gilman Springs Rd. Recycles AC - partner or competitor.","Trisha Vander Sluis","","(951) 682-1091","","TVanderSluis@pavementrecycling.com","Asphalt & paving","Jurupa Valley","","Bid records","New","","","",""
"Shadow 71ie Excavation","Medium","62","","Menifee excavation and concrete (BBB).","","","(951) 392-4778","","","Grading & engineering","Menifee","","Directory","New","","","",""
"Union Pavement Services","Medium","62","","Bid the County's curb ramp / slurry job ($9.0M).","","Office","(951) 410-4858","","info@unionpavement.com","Asphalt & paving","Jurupa Valley","","Bid records","New","","","",""
"West Coast Paving","Medium","62","","","Mike","Owner (per reviews)","(951) 228-7570","","","Asphalt & paving","Perris","18611 Decker Rd, Perris","","New","","","",""
"Carter Enterprises Group (Pavement Rehab Co.)","Medium","60","","Curb ramp and concrete removal sub on Cajalco Rd / Carroll St signal (Mead Valley).","","Estimating","","","","ADA & sidewalk","Yorba Linda","","Bid records","New","","","","Phone not found yet."
"Connor Concrete Cutting & Coring","Medium","60","","","Ryan","Named in reviews","(951) 525-3281","","","Concrete cutting","Riverside","6005 Tyler St, Riverside","Google Maps","New","","","","Commercial cutting and openings."
"Elite Heavy Equipment Services Corp","Medium","60","","","Gonzalo","Named in reviews","(951) 241-3411","","","Demolition & hauling","Moreno Valley","24085 Eucalyptus Ave, Moreno Valley","Google Maps","New","","","","Martin and Yolanda also named. Brush clearing, concrete, landscape."
"Granite Construction (Indio)","Medium","60","","Won Dillon Rd reconstruction (N. Palm Springs); plan holder I-10 Monroe. Far from yard.","Kelli Osborn","Estimating","(760) 391-6220","","DCR.estimating@gcinc.com","Public works contractor","Indio","","Bid records","New","","","",""
"United Concrete Coring & Sawing","Medium","60","","","Gabriel (Gabe)","Named in reviews","(951) 789-1934","","","Concrete cutting","Riverside","19069 Van Buren Blvd Ste 114, Riverside","Google Maps","New","","","","Also listed at 17086 Hidalgo Dr, Perris."
"Freedom Concrete Cutting Inc","Medium","58","","","","","(951) 455-3809","","","Concrete cutting","Riverside","695 W La Cadena Dr Suite B, Riverside","Google Maps","New","","","",""
"Heritage Dumpster Solutions","Medium","58","","","Julian","Named in reviews","(951) 441-2972","","","Demolition & hauling","Riverside","7241 Old 215 Frontage Rd, Riverside","","New","","","","Roll-off company. Pitch a cheaper tip for clean concrete loads."
"Pacific Restoration Group","Medium","58","","Rock blanket sub on the Van Buren Blvd job by March ARB - buys rock/aggregate.","Edgar Marin","","(951) 457-4719","","emarin@prgconst.com","Landscape & hardscape","Lake Elsinore","","Bid records","New","","","",""
"BCD Industries Corp","Medium","56","","","Juan","Named in reviews","(951) 215-6181","","","Concrete","Moreno Valley","14420 Elsworth St, Moreno Valley","Google Maps","New","","","","Concrete, block walls, retaining walls. Subs for general contractors."
"Inland Empire Concrete & Pavers","Medium","56","","","","","(951) 494-4559","","info@inlandempireconcrete.com","Concrete","Riverside","Riverside, CA 92505","","New","","","","Does concrete demo and haul-away."
"Paved Paradise Inc","Medium","56","","","","","(951) 729-9054","","","Concrete","Menifee","","Website","New","","","","Concrete, paving, masonry. Their quotes include demolition and hauling."
"DC Hubbs Construction","Medium","55","","Plan holder on I-10 Monroe.","Danny C. Hubbs","Owner","(909) 389-0531","","dchubbsconstruction@gmail.com","Public works contractor","Yucaipa","","Bid records","New","","","",""
"Delta Trucking Inc","Medium","55","","","","","(951) 462-1406","","","Demolition & hauling","Riverside","695 W La Cadena Dr, Riverside","Google Maps","New","","","","Several reviews say they are slow to pay. Collect up front."
"Innovative Concrete Construction","Medium","55","","Perris concrete contractor (BBB).","","","(951) 436-6568","","","Concrete","Perris","","Directory","New","","","",""
"Mexoa Concrete","Medium","55","","","Oscar","Named in reviews","(951) 446-8854","","","Concrete","Perris","84 Brokers Tip Ct, Perris","","New","","","","Does concrete removal and replacement."
"VA - Riverside National Cemetery project","Medium","55","","Village West Drive extension and overpass/underpass at the cemetery (next to March ARB). Still in environmental review - early lead.","Glenn Elliott","Director, Project Development","","","vacoenvironment@va.gov","Federal & airport","Riverside","","Bid records","New","","","","Use subject line 'RNC- Village West Drive'."
"California Pre-Cast Stone Manufacturing","Medium","54","","","","","(951) 657-7913","","","Precast & block","Perris","4982 Patterson Ave, Perris","","New","","","",""
"Empire Precast","Medium","54","","","Matt","Named in reviews","(800) 383-1119","","","Precast & block","Lake Elsinore","19473 Grand Ave, Lake Elsinore","","New","","","","Reviews say calls get routed to Matt."
"J & R Concrete Products","Medium","54","","","Justin","Owner (per reviews)","(951) 943-5855","","","Precast & block","Perris","440 W Markham St, Perris","","New","","","","Office hours 8:30 to 4 weekdays."
"ORCO Block & Hardscape","Medium","54","","","Steve","Named in reviews","(951) 685-1521","","","Precast & block","Riverside","4510 Rutile St, Riverside","","New","","","","Block and paver plant. Opens 6 AM."
"Marina Landscape (Lake Elsinore)","Medium","52","","","","","(714) 939-6600","","","Landscape & hardscape","Lake Elsinore","28245 El Toro Cut Off Rd, Lake Elsinore","Google Maps","New","","","","Large commercial landscape company. Ask for the Lake Elsinore branch manager."
"Mr A Concrete","Medium","52","","Sidewalk concrete contractor (BBB).","","","(951) 840-5184","","","ADA & sidewalk","Riverside","","Directory","New","","","",""
"Peraza Concrete Transport","Medium","52","","","","","(951) 443-2979","","","Ready-mix","Perris","22220 Cajalco Rd, Perris","","New","","","","Local ready-mix delivery."
"Superior Ready Mix (Temescal plant)","Medium","52","","","","","(951) 658-1562","","","Ready-mix","Corona","24635 Temescal Canyon Rd, Corona","","New","","","","Ask for plant manager or dispatch."
"VR General Construction","Medium","52","","","","","(951) 591-2068","","","Other","Perris","24359 CA-74, Perris","Google Maps","New","","","","Close by on Hwy 74."
"Amco Concrete","Medium","50","","","","","(760) 216-7943","","","Concrete","Winchester","28395 Longfellow St, Winchester","Google Maps","New","","","",""
"Ayala Concrete Design","Medium","50","","","Hector","Named in reviews","(951) 325-0995","","","Concrete","Moreno Valley","12208 Nita Dr, Moreno Valley","Google Maps","New","","","","Stamped concrete and tear-outs. Opens 6 AM."
"Cali KongCrete","Medium","50","","Hemet concrete contractor (BBB).","","","(951) 634-8398","","","Concrete","Hemet","","Directory","New","","","",""
"Concrete Riverside","Medium","50","","","","","(951) 612-9489","","","Concrete","Riverside","3750 University Ave Ste 119, Riverside","Google Maps","New","","","",""
"Cory's Custom Concrete","Medium","50","","","Cory","Named in reviews","(951) 972-9233","","","Concrete","Menifee","33545 Sweetwater Canyon Rd, Menifee","","New","","","",""
"Delgado's Concrete Services LLC","Medium","50","","","David","Named in Facebook post","(951) 623-1329","","","Concrete","Mira Loma","","Facebook","New","","","","Family owned. Their Facebook page advertises Perris jobs with this number."
"Firm Tech Concrete","Medium","50","","","Daniel","Named in reviews","(909) 485-2095","","","Concrete","Homeland","31405 Allen Ave, Homeland","","New","","","","Family owned. Driveways, block walls, patios."
"HBT Concrete","Medium","50","","","","","(951) 746-0356","","","Concrete","Perris","75 Pso Adelanto, Perris","","New","","","",""
"Hoffman's Concrete Construction","Medium","50","","","Mr. Hoffman","Named in reviews","(951) 698-8672","","","Concrete","Murrieta","39148 Via Pamplona, Murrieta","Google Maps","New","","","","Foundations and ADU slabs."
"Inland Concrete Riverside","Medium","50","","","Jose","Named in reviews","(951) 494-6201","","","Concrete","Riverside","2060 Chicago Ave, Riverside","Google Maps","New","","","","Oscar also named. Driveway tear-outs and pours."
"JB Concrete Construction","Medium","50","","","Jason","Owner (per reviews)","(951) 525-9255","","","Concrete","Riverside","6907 Goodview Ave, Riverside","Google Maps","New","","","","Driveway widening, patios, slabs."
"JJ Concrete LLC","Medium","50","","","Marcelo","Named in reviews","(866) 457-1371","","","Concrete","Lake Elsinore","1121 Mill St, Lake Elsinore","Google Maps","New","","","","Concrete and masonry."
"KISSconcrete Inc","Medium","50","","","Chad Cook","Named in reviews","(951) 533-8821","","","Concrete","Hemet","1455 S State St Spc 221, Hemet","Google Maps","New","","","","Driveway repair and slabs."
"Logos Concrete","Medium","50","","","Kevin","Named in reviews","(619) 727-0265","","","Concrete","Canyon Lake","23890 Goetz Dr, Canyon Lake","Google Maps","New","","","","Stamped patios, pavers, retaining walls."
"Marin Concrete Construction","Medium","50","","","","","(951) 830-2569","","","Concrete","Perris","541 Placentia Ave, Perris","Facebook","New","","","","Facebook page lists this number. Website marinconcrete.org."
"Morning Star Concrete Construction","Medium","50","","","John Flowers","Co-owner (per reviews)","(951) 990-9329","","","Concrete","Menifee","30141 Antelope Rd, Menifee","Google Maps","New","","","","Kim is the other contact. Opens 6 AM."
"My Concrete Guy","Medium","50","","Sidewalk concrete contractor (BBB).","","","(909) 631-5571","","","ADA & sidewalk","Corona","","Directory","New","","","",""
"R.A. Rich Concrete Inc","Medium","50","","","","","(951) 662-6675","","","Concrete","Riverside","1560 Regal Ct, Riverside","Google Maps","New","","","","HOA work."
"River Concrete","Medium","50","","","","","(951) 992-7315","","","Concrete","Moreno Valley","13343 Sourwood Ave, Moreno Valley","Google Maps","New","","","",""
"Rosendo's Concrete & Design","Medium","50","","","Javier","Named in reviews","(951) 239-9975","","","Concrete","Homeland","25219 Avenida Valencia, Homeland","Google Maps","New","","","","Works Winchester and Homeland."
"Superior Concrete","Medium","50","","","","","(951) 356-7427","","","Concrete","Hemet","26350 Plymouth St, Hemet","Google Maps","New","","","","Driveways and patios."
"System Pavers (Riverside)","Medium","50","","","Cesar Alvarado","Project manager (per reviews)","(909) 222-1109","","","Landscape & hardscape","Riverside","3600 Lime St Bldg 2, Riverside","Google Maps","New","","","","Big paver installer. Paulino Bautista runs crews. Jon Arnett and Brandon V. in sales."
"Triple H Concrete Pumping","Medium","50","","","","","(951) 347-4723","","","Concrete pumping","Riverside","8250 Mission Blvd, Riverside","","New","","","","Family owned. Also does demo and concrete."
"Triple H Construction","Medium","50","","Moreno Valley concrete (BBB).","","","(909) 521-7220","","","Concrete","Moreno Valley","","Directory","New","","","",""
"Unique Concrete Creations Inc","Medium","50","","","Don","Named in reviews","(800) 422-5907","","","Concrete","Riverside","16385 Iris Ave, Riverside","Google Maps","New","","","","Tad and John also named. Stamped patios."
"Zamora's Concrete","Medium","50","","Moreno Valley concrete (BBB).","","","(951) 569-5289","","","Concrete","Moreno Valley","","Directory","New","","","",""
"Alegria Hardscape Group","Small","48","","Perris pavers, concrete, retaining walls, turf, driveways.","Antonio Alegria Velazquez","Owner","(951) 442-9227","","","Landscape & hardscape","Perris","","Directory","New","","","",""
"Ambrosio's Concrete","Small","48","","Sun City / Menifee concrete (BBB).","","","(951) 723-0473","","","Concrete","Sun City","","Directory","New","","","",""
"BullDawgs Junk Removal","Small","48","","","","","(951) 635-8354","","","Demolition & hauling","Menifee","","Website","New","","","","Light demo and dumpster rental across southwest Riverside County."
"D&E Concrete","Small","48","","Moreno Valley concrete (BBB).","","","(951) 207-1093","","","Concrete","Moreno Valley","","Directory","New","","","",""
"JA Custom Concrete","Small","48","","San Jacinto concrete contractor (BBB).","","","(949) 246-0322","","","Concrete","San Jacinto","","Directory","New","","","",""
"Cotter Construction","Small","46","","Concrete driveways, patios, grading.","Andrew Cotter","Owner","","","","Concrete","Canyon Lake","","Directory","New","","","","Phone not found yet - try cotter-construction.com."
"Dirty Hands Services","Small","46","","Concrete, demolition, hardscape, turf.","","","(310) 617-8301","","","Landscape & hardscape","Wildomar","","Website","New","","","",""
"Green-R Turf","Small","46","","Turf, pavers, concrete, retaining walls - 900+ Google reviews, high volume.","Robert","Owner","(951) 532-2861","","","Landscape & hardscape","Corona","","Website","New","","","",""
"Ruff & Ready Landscape Construction","Small","46","","","Jeff Ruff","Owner","(951) 877-4105","","","Landscape & hardscape","Temecula","43533 Ridge Park Dr A, Temecula","","New","","","","Retaining walls and full yard demo. Irma, Melinda, Vanessa in office."
"SoCal Artificial Turfs","Small","46","","Turf, pavers, concrete, retaining walls; 40+ IE cities, all in-house crews.","Bill","Owner","(951) 961-4248","","socalartificialturf@gmail.com","Landscape & hardscape","San Jacinto","","Website","New","","","",""
"Xpert Landscape","Small","46","","Perris hardscape, pavers, concrete, turf.","George","Owner","(951) 730-1636","","xpertlandscape@icloud.com","Landscape & hardscape","Perris","","Website","New","","","",""
"Garcia & Sons Concrete","Small","45","","Banning concrete (BBB).","","","(951) 445-5916","","","Concrete","Banning","","Directory","New","","","",""
"Pro Scape Landscaping","Small","45","","Turf, hardscape, concrete, pavers; Menifee/Moreno Valley/Murrieta.","Cornelio","Owner","(951) 443-8834","","contact@proscapelandscapingca.com","Landscape & hardscape","Murrieta","","Website","New","","","","Open 7 days 6 AM-6 PM."
"QTC Landscape Construction","Small","45","","Menifee turf, concrete, pavers, retaining walls.","","","(951) 550-1493","","admin@qtclc.com","Landscape & hardscape","Menifee","","Website","New","","","",""
"Greg's Concrete Pumping","Small","44","","","Greg","","(951) 318-6800","","","Concrete pumping","Riverside","10393 Gould St, Riverside","","New","","","",""
"Janco Concrete Pumping","Small","44","","","","","(909) 322-6244","","","Concrete pumping","Jurupa Valley","6984 Karen Ln, Jurupa Valley","","New","","","",""
"Larry's Concrete Pumping","Small","44","","","Larry","Owner (per reviews)","(951) 737-6439","","","Concrete pumping","Corona","1860 Chesapeake Way, Corona","","New","","","","Mark is an operator named in reviews."
"Oasis Turf & Hardscape","Small","44","","Turf, concrete, pavers across Riverside County.","","","(888) 627-4780","","info@oasisturfca.com","Landscape & hardscape","Inland Empire","","Website","New","","","",""
"Sievers Construction","Small","44","","Concrete patios, walkways, retaining walls.","","","(951) 907-3532","","","Landscape & hardscape","Murrieta","","Website","New","","","",""
"Creative Pools and Landscape","Small","42","","Pools and landscape - deck tear-outs (BBB A+).","","","(951) 973-6360","","","Landscape & hardscape","Temecula","","Directory","New","","","",""
"Everlasting Green Landscape","Small","42","","Hardscape and retaining walls.","","","(951) 203-2674","","","Landscape & hardscape","Moreno Valley","","Website","New","","","","Hablan espanol."
"SavePro Turf","Small","42","","High-volume turf installer (9,000+ installs) - lawn tear-outs, pavers.","","","(855) 787-7283","","","Landscape & hardscape","Corona","","Website","New","","","",""
"4K Pools and Patios","Small","40","","","Kyle","Named in reviews","(951) 977-7665","","","Landscape & hardscape","Menifee","31084 Lusitano Cir, Menifee","Google Maps","New","","","","Pools, concrete, patio covers."
"A Cut Above Construction Pools & Landscape","Small","40","","","Chris & Debbie Young","Owners (per reviews)","(951) 244-7754","","","Landscape & hardscape","Menifee","26025 Newport Rd F533, Menifee","","New","","","","Pool builds with decking. Dirt and old concrete from excavations."
"Abarca Landscape","Small","40","","","Efren","Named in reviews","(951) 223-6009","","","Landscape & hardscape","Hemet","40330 Stetson Ave, Hemet","Google Maps","New","","","","Pool and outdoor projects, driveway extensions."
"Bachelier & Sons Masonry","Small","40","","","","","(951) 712-3209","","","Masonry","Riverside","4871 El Molino Ave, Riverside","","New","","","",""
"Bella Piedras Landscape Construction","Small","40","","","","","(951) 245-5900","","","Landscape & hardscape","Lake Elsinore","18630 Collier Ave, Lake Elsinore","Google Maps","New","","","","Full backyard remodels."
"California Turf Company","Small","40","","Turf installer (BBB A+).","","","(877) 951-8873","","","Landscape & hardscape","Murrieta","","Directory","New","","","",""
"Creative Masonry","Small","40","","","","","(951) 538-5799","","","Masonry","Menifee","27420 Jerry Jo Ln, Menifee","Google Maps","New","","","","Block wall repair."
"Desert Oak Landscape","Small","40","","","Miguel","Named in reviews","(951) 375-9483","","","Landscape & hardscape","Menifee","27440 Keller Rd, Menifee","","New","","","","Paver installs."
"DPC Pool and Spa Construction","Small","40","","","Miguel","Named in reviews","(951) 503-2012","","","Landscape & hardscape","Menifee","31190 Melvin St, Menifee","Google Maps","New","","","","Thomas also named. Pool remodels and deck tear-outs."
"Gi Masonry","Small","40","","","","","(951) 285-5183","","","Masonry","Wildomar","32864 Starlight St, Wildomar","Google Maps","New","","","",""
"Haro Landscape Construction","Small","40","","","Dario Jr.","Primary contact (per reviews)","(951) 570-9549","","","Landscape & hardscape","Menifee","32990 Ascot Way, Menifee","","New","","","","Family business. Dario Sr. runs the crews. Concrete, block walls, patios."
"Houston's Landscaping","Small","40","","","Austin","Named in reviews","(909) 521-1272","","","Landscape & hardscape","Moreno Valley","29177 Stevens Ave, Moreno Valley","Google Maps","New","","","","Hillside and full yard renovations."
"JF Landscaping & Construction","Small","40","","","Jorge","Named in reviews","(951) 852-3545","","","Landscape & hardscape","Lake Elsinore","219 Campus Way, Lake Elsinore","Google Maps","New","","","","Hardscape conversions."
"Majestic Pool Construction","Small","40","","","Obie","Owner (per reviews)","(951) 326-8183","","","Landscape & hardscape","Murrieta","38750 Sky Canyon Dr Ste A, Murrieta","Google Maps","New","","","","Noah handles project communication. New pools and decking."
"Malibu Pools USA","Small","40","","","Steve","Named in reviews","(951) 232-6451","","","Landscape & hardscape","Hemet","41097 Quail Rd, Hemet","Google Maps","New","","","","Pool builds and remodels. Opens 6 AM."
"McCabe's Landscape Construction","Small","40","","","Melissa","Owner (per reviews)","(951) 694-5384","","","Landscape & hardscape","Murrieta","30914 Wealth St, Murrieta","","New","","","","John is the founder. Hardscape, pools, concrete tear-outs."
"MTS Landscape","Small","40","","","Carlos","Named in reviews","(909) 782-5958","","","Landscape & hardscape","Moreno Valley","27344 Darlene Dr, Moreno Valley","Google Maps","New","","","","Concrete, pavers, turf."
"Munguia's Masonry","Small","40","","","","","(951) 348-2442","","","Masonry","Riverside","4068 Wallace St, Riverside","","New","","","",""
"Patron Masonry","Small","40","","","Gabriel","Named in reviews","(951) 816-1009","","","Masonry","Menifee","25825 Tradewinds Dr, Menifee","Google Maps","New","","","","Brick walls and concrete."
"Paz Landscape & Concrete","Small","40","","","Fred","Named in reviews","(951) 785-8274","","","Landscape & hardscape","Riverside","6725 Capistrano Way, Riverside","Google Maps","New","","","","Garden and retaining walls, concrete."
"Prestige Landscape Construction","Small","40","","","Ary","Named in reviews","(951) 775-0678","","","Landscape & hardscape","Temecula","41311 St Croix, Temecula","","New","","","",""
"Robert S. Inman Landscaping","Small","40","","","Bob Inman","Owner","(951) 461-7449","","","Landscape & hardscape","Murrieta","29910 Murrieta Hot Springs Rd #107, Murrieta","","New","","","","Thomas is a lead on his crew."
"Smitty's Landscape Construction","Small","40","","","Sean","Named in reviews","(951) 760-8750","","","Landscape & hardscape","Murrieta","19042 Blackmore St, Murrieta","","New","","","","Pool demo and remodels."
"SOCAL Epic Builds","Small","40","","","Daniel","Named in reviews","(951) 764-5490","","","Landscape & hardscape","Menifee","27440 Keller Rd, Menifee","","New","","","","Driveways and front yard rebuilds."
"SoCal Pavers & Turf","Small","40","","","Jorge","Named in reviews","(714) 310-3325","","","Landscape & hardscape","Riverside","","Google Maps","New","","","","Pavers, concrete borders, yard demo."
"Southland Landscape Co","Small","40","","Hardscape and landscape (BBB A+).","","","(949) 306-4640","","","Landscape & hardscape","Menifee","","Directory","New","","","",""
"Superior Masonry Walls, LTD","Small","40","","","Francisco Godinez","Named in reviews","(909) 370-1800","","","Masonry","Colton","300 W Olive St #A, Colton","","New","","","",""
"Van's Landscape Construction","Small","40","","","","","(951) 652-9671","","","Landscape & hardscape","Hemet","41171 Crest Dr, Hemet","Google Maps","New","","","","In the Hemet valley for decades per reviews."
"OCUG Landscaping","Small","38","","Landscape contractor (BBB A+).","","","(951) 623-1819","","","Landscape & hardscape","Temecula","","Directory","New","","","",""
"Precision Outdoorscapes","Small","38","","Landscape/hardscape (BBB A+).","","","(951) 377-2713","","","Landscape & hardscape","Winchester","","Directory","New","","","",""
"Horizon Landscaping","Small","36","","Landscape contractor (BBB A+).","","","(951) 956-1690","","","Landscape & hardscape","Hemet","","Directory","New","","","",""
"Millennium Landscape","Small","36","","Landscape contractor (BBB A+).","","","(951) 412-8051","","","Landscape & hardscape","Menifee","","Directory","New","","","",""
"Pacific West Grounds Landscaping","Small","36","","Landscape contractor (BBB A+).","","","(951) 906-3762","","","Landscape & hardscape","Menifee","","Directory","New","","","",""
"Tri-State Materials","Small","34","","","Rob","Owner (per reviews)","(951) 926-5522","","","Supply yards","Winchester","31885 Winchester Rd, Winchester","Google Maps","New","","","","Landscape rock yard. Pitch as a referral partner: their contractor customers need somewhere to dump."
"Southern California Mulch","Small","32","","","","","(951) 325-5355","","","Supply yards","Menifee","30115 Scott Rd, Menifee","Google Maps","New","","","","Landscape supply yard. Pitch as a referral partner for their contractor customers."